,chrom,pos,id,ref,alt
0,I,2891,s01-2891,G,T
1,I,13081,s01-13082,A,G
2,I,14195,s01-14196,A,T
3,I,16630,s01-16633,A,G
4,I,16803,s01-16806,G,A
5,I,19150,s01-19153,T,C
6,I,27081,s01-27082,G,A
7,I,33324,s01-33325,T,C
8,I,36756,s01-36757,C,T
9,I,37460,s01-37461,T,C
10,I,40209,s01-40210,C,T
11,I,78787,s01-78788,G,A
12,I,105600,s01-105601,A,G
13,I,109702,s01-109703,G,A
14,I,116949,s01-116950,C,T
15,I,120939,s01-120940,T,C
16,I,141579,s01-141581,T,C
17,I,148974,s01-148976,C,G
18,I,151449,s01-151451,T,C
19,I,151502,s01-151504,A,T
20,I,169269,s01-169264,T,C
21,I,178989,s01-178987,A,G
22,I,183923,s01-183917,A,G
23,I,184890,s01-184884,C,A
24,I,189683,s01-189677,T,C
25,I,197956,s01-197950,A,G
26,I,198356,s01-198350,G,A
27,I,198989,s01-198982,G,C
28,I,206012,s01-206003,T,C
29,I,206330,s01-206321,C,T
30,I,208879,s01-208870,G,A
31,I,218745,s01-218736,G,C
32,I,220835,s01-220826,T,C
33,I,226639,s01-226630,G,A
34,II,3309,s02-3309,G,T
35,II,10919,s02-10919,T,C
36,II,26161,s02-26161,G,A
37,II,46603,s02-46600,T,C
38,II,51262,s02-51259,A,G
39,II,65595,s02-65592,T,G
40,II,70420,s02-70417,G,C
41,II,73273,s02-73270,C,T
42,II,87058,s02-87056,A,G
43,II,99228,s02-99230,T,C
44,II,99464,s02-99466,A,G
45,II,115978,s02-115981,T,C
46,II,145474,s02-145477,A,G
47,II,153657,s02-153660,C,G
48,II,169884,s02-169887,T,C
49,II,197720,s02-197723,A,T
50,II,218513,s02-218516,G,A
51,II,220055,s02-220058,C,T
52,II,227057,s02-227060,T,G
53,II,236256,s02-236259,T,A
54,II,237660,s02-237662,T,C
55,II,244011,s02-244013,A,G
56,II,290197,s02-290197,G,A
57,II,293761,s02-293761,C,G
58,II,334232,s02-334230,G,A
59,II,347701,s02-347699,A,G
60,II,350166,s02-350164,A,G
61,II,359006,s02-359004,G,A
62,II,369831,s02-369829,G,C
63,II,370704,s02-370702,A,G
64,II,384959,s02-384954,G,A
65,II,387747,s02-387742,A,C
66,II,390897,s02-390892,A,G
67,II,395606,s02-395600,G,A
68,II,424567,s02-424561,G,T
69,II,430425,s02-430419,C,A
70,II,455407,s02-455401,A,T
71,II,479414,s02-479408,C,T
72,II,508130,s02-508124,A,G
73,II,520751,s02-520745,A,T
74,II,534529,s02-534523,C,A
75,II,537804,s02-537798,G,A
76,II,538880,s02-538874,A,T
77,II,540379,s02-540373,T,C
78,II,544527,s02-544521,T,A
79,II,550094,s02-550088,G,A
80,II,563201,s02-563196,G,A
81,II,575802,s02-575797,C,A
82,II,578933,s02-578928,T,C
83,II,597518,s02-597513,C,T
84,II,618941,s02-618936,T,G
85,II,660885,s02-660880,A,T
86,II,663562,s02-663557,G,A
87,II,678955,s02-678950,G,A
88,II,685306,s02-685301,T,C
89,II,712145,s02-712140,T,C
90,II,713712,s02-713707,C,A
91,II,757411,s02-757407,T,C
92,II,795354,s02-795348,G,C
93,II,796789,s02-796783,A,G
94,II,799566,s02-799560,A,T
95,II,801215,s02-801209,G,A
96,II,801638,s02-801632,C,T
97,II,803699,s02-803693,A,G
98,II,803978,s02-803972,T,C
99,II,804068,s02-804062,C,T
100,III,4490,s03-4490,T,C
101,III,21985,s03-21985,T,C
102,III,29560,s03-29560,C,T
103,III,43868,s03-43868,G,A
104,III,48180,s03-48180,G,C
105,III,57389,s03-57389,G,A
106,III,62729,s03-62729,A,G
107,III,74234,s03-74234,G,A
108,III,80460,s03-80460,G,C
109,III,98521,s03-98521,C,T
110,III,99323,s03-99323,G,A
111,III,124036,s03-124034,T,C
112,III,128128,s03-128126,A,T
113,III,139299,s03-139297,A,G
114,III,164460,s03-164456,T,C
115,III,180969,s03-180965,A,G
116,III,198944,s03-198940,T,A
117,III,213859,s03-213855,G,A
118,III,221891,s03-221887,A,G
119,III,232215,s03-232211,G,A
120,III,233767,s03-233763,A,C
121,III,236949,s03-236945,A,G
122,III,243500,s03-243497,C,T
123,III,248442,s03-248439,G,A
124,III,253411,s03-253408,G,A
125,III,288008,s03-288005,G,C
126,III,295192,s03-295189,C,T
127,III,296655,s03-296652,C,G
128,III,297195,s03-297192,C,T
129,III,299168,s03-299165,G,T
130,III,303922,s03-303919,G,A
131,III,305747,s03-305744,G,C
132,III,307654,s03-307651,T,C
133,III,308154,s03-308151,C,T
134,III,316203,s03-316200,G,A
135,IV,1589,s04-1589,A,G
136,IV,17022,s04-17022,C,T
137,IV,18200,s04-18200,A,G
138,IV,19277,s04-19277,C,A
139,IV,45714,s04-45715,T,C
140,IV,55222,s04-55223,A,G
141,IV,67491,s04-67492,T,C
142,IV,78590,s04-78591,A,G
143,IV,90785,s04-90786,T,C
144,IV,91630,s04-91631,T,A
145,IV,101705,s04-101706,T,C
146,IV,105373,s04-105374,G,A
147,IV,115035,s04-115036,A,C
148,IV,119131,s04-119132,C,G
149,IV,128688,s04-128689,T,C
150,IV,163902,s04-163903,G,A
151,IV,164298,s04-164299,A,G
152,IV,184738,s04-184739,A,G
153,IV,226837,s04-226837,A,G
154,IV,240951,s04-240951,G,A
155,IV,246791,s04-246791,C,T
156,IV,254451,s04-254451,G,A
157,IV,256413,s04-256413,A,G
158,IV,258190,s04-258190,T,C
159,IV,265255,s04-265255,C,G
160,IV,282713,s04-282713,C,T
161,IV,288760,s04-288760,C,T
162,IV,317492,s04-317492,A,G
163,IV,321734,s04-321734,T,C
164,IV,368708,s04-368708,T,C
165,IV,383140,s04-383137,T,C
166,IV,384439,s04-384436,A,T
167,IV,394044,s04-394041,C,A
168,IV,400395,s04-400392,G,A
169,IV,421791,s04-421788,A,C
170,IV,428925,s04-428922,A,G
171,IV,451350,s04-451347,T,C
172,IV,457671,s04-457668,C,T
173,IV,467525,s04-467522,C,G
174,IV,488481,s04-488478,T,C
175,IV,491656,s04-491653,T,C
176,IV,504183,s04-504180,G,A
177,IV,526483,s04-526480,T,G
178,IV,526549,s04-526546,T,C
179,IV,526948,s04-526945,T,C
180,IV,531736,s04-531733,G,A
181,IV,578841,s04-578839,G,A
182,IV,588536,s04-588534,T,C
183,IV,602132,s04-602129,T,C
184,IV,614186,s04-614183,G,A
185,IV,630674,s04-630671,A,G
186,IV,643534,s04-643531,A,C
187,IV,652308,s04-652305,C,A
188,IV,667644,s04-667641,T,C
189,IV,688853,s04-688850,C,A
190,IV,690503,s04-690500,T,A
191,IV,695611,s04-695608,T,C
192,IV,700079,s04-700076,G,A
193,IV,702247,s04-702244,G,A
194,IV,713084,s04-713081,G,T
195,IV,716407,s04-716404,A,T
196,IV,722265,s04-722262,A,G
197,IV,744245,s04-744242,T,A
198,IV,747725,s04-747722,T,C
199,IV,824078,s04-824075,T,C
200,IV,834465,s04-834462,T,A
201,IV,865546,s04-865543,T,C
202,IV,871540,s04-871537,C,T
203,IV,932259,s04-932255,T,C
204,IV,967786,s04-967782,C,T
205,IV,967982,s04-967978,A,G
206,IV,980090,s04-980086,T,C
207,IV,993025,s04-993021,T,A
208,IV,1009854,s04-1009850,T,C
209,IV,1032714,s04-1032710,A,G
210,IV,1053892,s04-1053888,T,C
211,IV,1075559,s04-1075555,C,A
212,IV,1108786,s04-1108783,A,G
213,IV,1129836,s04-1129831,G,A
214,IV,1138398,s04-1138393,C,T
215,IV,1155621,s04-1155615,T,C
216,IV,1160355,s04-1160349,A,G
217,IV,1172497,s04-1172491,T,C
218,IV,1179958,s04-1179951,T,A
219,IV,1181057,s04-1181050,A,G
220,IV,1194732,s04-1194725,C,A
221,IV,1201448,s04-1201440,G,A
222,IV,1226784,s04-1226776,C,T
223,IV,1242487,s04-1242479,A,G
224,IV,1257874,s04-1257866,C,T
225,IV,1273764,s04-1273756,A,G
226,IV,1275195,s04-1275187,T,C
227,IV,1277676,s04-1277668,A,G
228,IV,1303306,s04-1303298,T,C
229,IV,1308343,s04-1308335,C,T
230,IV,1308465,s04-1308457,G,A
231,IV,1316036,s04-1316028,C,T
232,IV,1318733,s04-1318725,G,A
233,IV,1318941,s04-1318933,T,C
234,IV,1341293,s04-1341285,T,C
235,IV,1380649,s04-1380641,T,C
236,IV,1407539,s04-1407531,C,G
237,IV,1421288,s04-1421280,T,A
238,IV,1447959,s04-1447951,A,G
239,IV,1455713,s04-1455705,G,A
240,IV,1459398,s04-1459390,C,T
241,IV,1461071,s04-1461063,C,T
242,IV,1464206,s04-1464198,G,A
243,IV,1487875,s04-1487867,A,G
244,IV,1506008,s04-1505999,C,T
245,IV,1524292,s04-1524277,C,A
246,IV,1525482,s04-1525467,G,T
247,IX,2065,s09-2065,G,C
248,IX,5423,s09-5423,A,G
249,IX,7281,s09-7281,T,C
250,IX,7545,s09-7545,C,T
251,IX,7779,s09-7779,C,T
252,IX,7803,s09-7803,T,C
253,IX,8786,s09-8786,T,C
254,IX,10519,s09-10519,C,T
255,IX,25255,s09-25255,G,A
256,IX,31312,s09-31312,A,G
257,IX,36978,s09-36978,G,C
258,IX,38447,s09-38447,T,C
259,IX,46304,s09-46304,A,G
260,IX,51292,s09-51292,A,C
261,IX,55565,s09-55565,A,G
262,IX,59050,s09-59050,C,G
263,IX,65614,s09-65614,G,A
264,IX,74155,s09-74155,C,G
265,IX,76162,s09-76162,A,G
266,IX,85292,s09-85292,T,C
267,IX,104733,s09-104733,C,T
268,IX,142863,s09-142860,T,C
269,IX,146193,s09-146190,T,C
270,IX,175811,s09-175808,G,A
271,IX,181986,s09-181983,C,T
272,IX,196268,s09-196265,A,C
273,IX,216656,s09-216653,T,C
274,IX,257003,s09-257001,C,A
275,IX,263203,s09-263202,A,G
276,IX,274456,s09-274455,A,G
277,IX,275972,s09-275971,A,G
278,IX,292071,s09-292070,G,A
279,IX,303214,s09-303212,C,G
280,IX,308018,s09-308016,T,C
281,IX,321285,s09-321283,G,A
282,IX,328246,s09-328244,C,T
283,IX,333394,s09-333391,A,C
284,IX,338164,s09-338161,C,G
285,IX,350021,s09-350018,G,A
286,IX,352325,s09-352322,T,C
287,IX,353551,s09-353548,C,T
288,IX,356143,s09-356140,T,C
289,IX,384590,s09-384587,C,T
290,IX,386312,s09-386309,C,T
291,IX,388586,s09-388583,C,T
292,IX,396639,s09-396636,A,G
293,IX,399122,s09-399119,C,A
294,IX,405945,s09-405942,A,G
295,IX,406590,s09-406587,T,C
296,IX,415902,s09-415899,T,C
297,IX,429451,s09-429447,A,G
298,IX,433105,s09-433101,T,C
299,IX,439307,s09-439304,G,A
300,IX,439793,s09-439790,A,G
301,V,1536,s05-1536,G,C
302,V,13690,s05-13690,G,A
303,V,16237,s05-16237,T,C
304,V,18945,s05-18945,T,C
305,V,19246,s05-19246,T,A
306,V,19378,s05-19378,T,C
307,V,39493,s05-39493,G,A
308,V,41069,s05-41069,A,G
309,V,90208,s05-90208,C,T
310,V,105770,s05-105770,T,C
311,V,106944,s05-106944,C,A
312,V,126294,s05-126294,G,A
313,V,134795,s05-134795,T,C
314,V,136514,s05-136514,G,A
315,V,160192,s05-160191,A,C
316,V,201816,s05-201815,A,G
317,V,211419,s05-211418,T,C
318,V,218938,s05-218937,G,A
319,V,225238,s05-225237,G,T
320,V,229900,s05-229899,A,G
321,V,242167,s05-242166,G,A
322,V,245855,s05-245854,G,C
323,V,276585,s05-276583,T,C
324,V,281939,s05-281937,T,C
325,V,295241,s05-295239,C,T
326,V,309961,s05-309957,A,T
327,V,353696,s05-353692,C,T
328,V,375805,s05-375801,T,C
329,V,377084,s05-377080,T,C
330,V,396523,s05-396519,A,G
331,V,430843,s05-430839,C,T
332,V,432850,s05-432846,T,G
333,V,436966,s05-436962,G,A
334,V,459750,s05-459745,A,G
335,V,504289,s05-504284,A,G
336,V,507153,s05-507148,C,A
337,V,546450,s05-546445,A,G
338,V,552147,s05-552142,A,C
339,V,552674,s05-552669,G,A
340,V,566085,s05-566080,T,C
341,V,572708,s05-572703,A,G
342,V,574211,s05-574206,A,C
343,V,575205,s05-575200,A,T
344,VI,5581,s06-5581,C,T
345,VI,6040,s06-6040,C,A
346,VI,6052,s06-6052,A,G
347,VI,14311,s06-14311,G,A
348,VI,15021,s06-15021,G,A
349,VI,25192,s06-25192,G,A
350,VI,58173,s06-58172,C,T
351,VI,72650,s06-72648,G,A
352,VI,88508,s06-88506,C,T
353,VI,98282,s06-98279,C,A
354,VI,108665,s06-108659,A,G
355,VI,134890,s06-134885,C,T
356,VI,174110,s06-174102,C,G
357,VI,181154,s06-181142,A,C
358,VI,187090,s06-187078,C,T
359,VI,192564,s06-192553,A,G
360,VI,207335,s06-207323,A,G
361,VI,212583,s06-212571,G,A
362,VI,226998,s06-226985,T,C
363,VI,267104,s06-267091,A,T
364,VII,5707,s07-5707,G,A
365,VII,10048,s07-10048,A,G
366,VII,12243,s07-12243,G,A
367,VII,20920,s07-20920,A,T
368,VII,21024,s07-21024,A,C
369,VII,41564,s07-41564,G,A
370,VII,47568,s07-47568,G,A
371,VII,58458,s07-58458,A,T
372,VII,64837,s07-64837,G,A
373,VII,69772,s07-69772,T,C
374,VII,79136,s07-79135,T,C
375,VII,85238,s07-85237,G,A
376,VII,94998,s07-95002,A,G
377,VII,104960,s07-104964,T,C
378,VII,111523,s07-111527,C,T
379,VII,115154,s07-115158,C,T
380,VII,121703,s07-121707,A,G
381,VII,124158,s07-124163,G,A
382,VII,124205,s07-124210,C,T
383,VII,127181,s07-127186,A,C
384,VII,139381,s07-139387,G,A
385,VII,139647,s07-139653,G,C
386,VII,157713,s07-157719,A,G
387,VII,171610,s07-171616,G,A
388,VII,174818,s07-174824,A,G
389,VII,184074,s07-184080,T,C
390,VII,186367,s07-186373,A,G
391,VII,196614,s07-196620,T,C
392,VII,224572,s07-224577,C,T
393,VII,244800,s07-244805,G,A
394,VII,256121,s07-256126,A,G
395,VII,257122,s07-257127,A,G
396,VII,257349,s07-257354,T,A
397,VII,277223,s07-277229,A,G
398,VII,294683,s07-294686,C,T
399,VII,321170,s07-321173,C,A
400,VII,323295,s07-323298,A,G
401,VII,324510,s07-324513,C,G
402,VII,334663,s07-334666,A,G
403,VII,344739,s07-344742,G,A
404,VII,357689,s07-357692,G,A
405,VII,366894,s07-366897,G,T
406,VII,377882,s07-377885,G,A
407,VII,383867,s07-383870,T,C
408,VII,410597,s07-410600,G,A
409,VII,425934,s07-425940,G,T
410,VII,440671,s07-440676,A,G
411,VII,510060,s07-510064,T,C
412,VII,519164,s07-519168,A,C
413,VII,543683,s07-543687,C,T
414,VII,579860,s07-579864,A,T
415,VII,594432,s07-594436,A,G
416,VII,622262,s07-622266,T,C
417,VII,626899,s07-626903,C,T
418,VII,649042,s07-649046,C,T
419,VII,665714,s07-665718,G,A
420,VII,673826,s07-673830,C,T
421,VII,686463,s07-686467,G,A
422,VII,697547,s07-697551,G,A
423,VII,732372,s07-732377,C,T
424,VII,743903,s07-743908,T,C
425,VII,770113,s07-770118,A,G
426,VII,779799,s07-779804,A,G
427,VII,783677,s07-783682,C,G
428,VII,823607,s07-823612,G,A
429,VII,856557,s07-856562,G,A
430,VII,873895,s07-873900,G,A
431,VII,888354,s07-888359,C,T
432,VII,897448,s07-897453,A,G
433,VII,901305,s07-901310,C,T
434,VII,903222,s07-903227,C,T
435,VII,905266,s07-905271,A,G
436,VII,906524,s07-906529,T,C
437,VII,926243,s07-926246,T,C
438,VII,942771,s07-942774,C,T
439,VII,952348,s07-952351,G,A
440,VII,957465,s07-957468,A,G
441,VII,969486,s07-969491,T,C
442,VII,986418,s07-986423,C,T
443,VII,995093,s07-995098,G,A
444,VII,995198,s07-995203,A,G
445,VII,1022990,s07-1022996,A,G
446,VII,1048550,s07-1048556,G,A
447,VII,1068934,s07-1068940,A,C
448,VII,1074439,s07-1074445,T,C
449,VII,1084360,s07-1084366,G,T
450,VIII,5606,s08-5605,A,T
451,VIII,12735,s08-12733,C,T
452,VIII,20993,s08-20990,C,T
453,VIII,21736,s08-21733,A,C
454,VIII,30792,s08-30790,T,C
455,VIII,34769,s08-34767,T,G
456,VIII,37944,s08-37942,G,A
457,VIII,48365,s08-48363,T,G
458,VIII,49719,s08-49717,C,T
459,VIII,54135,s08-54133,G,C
460,VIII,79950,s08-79946,A,G
461,VIII,105626,s08-105621,T,A
462,VIII,122453,s08-122448,T,C
463,VIII,125830,s08-125825,T,C
464,VIII,130544,s08-130538,A,G
465,VIII,134524,s08-134517,G,A
466,VIII,151701,s08-151694,C,T
467,VIII,157588,s08-157581,C,T
468,VIII,164274,s08-164267,A,G
469,VIII,223561,s08-223563,C,T
470,VIII,229477,s08-229479,G,A
471,VIII,246180,s08-246182,C,T
472,VIII,252362,s08-252364,C,T
473,VIII,272809,s08-272811,G,A
474,VIII,288095,s08-288098,G,A
475,VIII,304696,s08-304699,A,C
476,VIII,307188,s08-307191,A,G
477,VIII,332305,s08-332308,A,C
478,VIII,370980,s08-370983,G,A
479,VIII,378383,s08-378386,C,T
480,VIII,393725,s08-393728,A,G
481,VIII,407302,s08-407305,C,T
482,VIII,420248,s08-420251,A,T
483,VIII,449452,s08-449452,T,C
484,VIII,449957,s08-449957,A,G
485,VIII,475212,s08-475212,G,A
486,VIII,484407,s08-484407,T,A
487,VIII,509537,s08-509537,G,A
488,VIII,526795,s08-526795,C,T
489,VIII,542286,s08-542286,T,A
490,VIII,556857,s08-556857,T,A
491,X,1963,s10-1963,A,G
492,X,4374,s10-4374,T,C
493,X,8087,s10-8087,G,A
494,X,9691,s10-9691,A,T
495,X,9925,s10-9925,A,G
496,X,9937,s10-9937,T,C
497,X,13822,s10-13822,T,C
498,X,28584,s10-28584,A,G
499,X,28865,s10-28865,G,C
500,X,30034,s10-30034,G,A
501,X,30691,s10-30691,C,T
502,X,48515,s10-48515,G,C
503,X,60425,s10-60424,T,C
504,X,70069,s10-70068,A,G
505,X,130584,s10-130581,G,T
506,X,130800,s10-130797,A,G
507,X,137217,s10-137214,T,G
508,X,138851,s10-138848,C,T
509,X,157502,s10-157499,G,C
510,X,163958,s10-163955,C,T
511,X,173681,s10-173678,G,A
512,X,180034,s10-180031,G,T
513,X,184128,s10-184126,C,A
514,X,206271,s10-206267,C,T
515,X,206922,s10-206918,C,T
516,X,211942,s10-211938,G,A
517,X,213875,s10-213871,C,T
518,X,216313,s10-216309,G,A
519,X,230666,s10-230662,C,T
520,X,231525,s10-231521,C,T
521,X,254506,s10-254501,C,T
522,X,269837,s10-269832,A,G
523,X,294779,s10-294774,G,A
524,X,334720,s10-334715,T,A
525,X,343571,s10-343566,G,A
526,X,355206,s10-355201,G,A
527,X,377089,s10-377084,G,A
528,X,379089,s10-379084,T,C
529,X,386362,s10-386357,A,G
530,X,398673,s10-398668,C,T
531,X,403524,s10-403519,A,G
532,X,428882,s10-428876,T,C
533,X,477275,s10-477268,A,G
534,X,505396,s10-505389,C,T
535,X,518880,s10-518873,A,G
536,X,531991,s10-531984,G,A
537,X,544009,s10-544002,T,C
538,X,582303,s10-582296,G,A
539,X,609527,s10-609523,C,A
540,X,612915,s10-612911,A,G
541,X,633866,s10-633860,C,T
542,X,643789,s10-643783,G,A
543,X,646943,s10-646937,C,T
544,X,671972,s10-671966,A,G
545,X,691098,s10-691092,G,A
546,X,719975,s10-719969,A,G
547,X,724955,s10-724949,T,C
548,X,725492,s10-725486,C,G
549,X,735458,s10-735452,G,A
550,X,744282,s10-744276,G,A
551,XI,324,s11-324,T,A
552,XI,2556,s11-2557,T,A
553,XI,3926,s11-3927,A,G
554,XI,12232,s11-12233,G,A
555,XI,16425,s11-16425,G,A
556,XI,19108,s11-19108,A,G
557,XI,30810,s11-30811,A,G
558,XI,33790,s11-33791,G,A
559,XI,37578,s11-37579,C,T
560,XI,64176,s11-64177,C,T
561,XI,76346,s11-76351,A,G
562,XI,78615,s11-78620,G,C
563,XI,87838,s11-87843,G,C
564,XI,91766,s11-91771,T,C
565,XI,101993,s11-101998,A,G
566,XI,104549,s11-104554,C,T
567,XI,138643,s11-138648,C,T
568,XI,143100,s11-143105,G,A
569,XI,150866,s11-150871,C,T
570,XI,155023,s11-155028,C,A
571,XI,179840,s11-179845,C,T
572,XI,211471,s11-211115,G,A
573,XI,211676,s11-211320,G,A
574,XI,215535,s11-215179,A,G
575,XI,231609,s11-231253,C,G
576,XI,243910,s11-243554,G,A
577,XI,248487,s11-248131,G,A
578,XI,258710,s11-258354,C,T
579,XI,260535,s11-260179,G,A
580,XI,299201,s11-298845,T,C
581,XI,299707,s11-299351,A,G
582,XI,316252,s11-315896,T,C
583,XI,320706,s11-320350,T,A
584,XI,334135,s11-333779,C,A
585,XI,347071,s11-346715,A,G
586,XI,347376,s11-347020,A,G
587,XI,356392,s11-356036,G,A
588,XI,408123,s11-407766,A,T
589,XI,412188,s11-411831,T,C
590,XI,415447,s11-415090,A,G
591,XI,431836,s11-431479,T,C
592,XI,438253,s11-437896,T,C
593,XI,448686,s11-448329,C,T
594,XI,486704,s11-486347,A,G
595,XI,529834,s11-529476,C,T
596,XI,531803,s11-531445,T,G
597,XI,545611,s11-545253,C,A
598,XI,550428,s11-550070,A,G
599,XI,585500,s11-585142,G,A
600,XI,617543,s11-617185,A,T
601,XI,624170,s11-623812,G,A
602,XI,662947,s11-662585,T,C
603,XII,7635,s12-7635,C,A
604,XII,12649,s12-12649,T,C
605,XII,13593,s12-13593,C,T
606,XII,15269,s12-15269,C,T
607,XII,19540,s12-19540,A,G
608,XII,29033,s12-29033,G,A
609,XII,51489,s12-51488,A,G
610,XII,80906,s12-80905,C,A
611,XII,85799,s12-85798,T,C
612,XII,94920,s12-94919,C,T
613,XII,105266,s12-105265,A,G
614,XII,105410,s12-105409,T,C
615,XII,119050,s12-119049,G,A
616,XII,130006,s12-130005,C,T
617,XII,151249,s12-151248,C,A
618,XII,162577,s12-162576,A,G
619,XII,182114,s12-182113,A,G
620,XII,184185,s12-184184,T,A
621,XII,195298,s12-195299,T,G
622,XII,215016,s12-215017,C,G
623,XII,268599,s12-268600,G,A
624,XII,276838,s12-276839,C,T
625,XII,281178,s12-281179,A,C
626,XII,315543,s12-315544,C,T
627,XII,330832,s12-330833,C,T
628,XII,333498,s12-333499,G,A
629,XII,333537,s12-333538,G,A
630,XII,369209,s12-369210,C,T
631,XII,373115,s12-373116,G,A
632,XII,375282,s12-375283,C,T
633,XII,391530,s12-391531,T,C
634,XII,392424,s12-392425,A,G
635,XII,399634,s12-399635,G,A
636,XII,405334,s12-405335,C,G
637,XII,432592,s12-432593,C,T
638,XII,438989,s12-438990,G,T
639,XII,445516,s12-445517,C,T
640,XII,447548,s12-447549,A,G
641,XII,458922,s12-458923,C,A
642,XII,468107,s12-468108,A,C
643,XII,498652,s12-498654,C,G
644,XII,500577,s12-500579,T,C
645,XII,503184,s12-503186,A,T
646,XII,506769,s12-506771,C,T
647,XII,534611,s12-534613,C,T
648,XII,545789,s12-545791,C,T
649,XII,559449,s12-559451,C,T
650,XII,574557,s12-574559,G,A
651,XII,585083,s12-585085,T,A
652,XII,592809,s12-592811,A,G
653,XII,607531,s12-607533,C,T
654,XII,608685,s12-608687,T,C
655,XII,612630,s12-612632,C,T
656,XII,613846,s12-613848,G,A
657,XII,632446,s12-632448,T,G
658,XII,658456,s12-658458,G,A
659,XII,662161,s12-662163,C,T
660,XII,663839,s12-663841,T,C
661,XII,673403,s12-673405,G,A
662,XII,676167,s12-676169,G,A
663,XII,689782,s12-689784,G,A
664,XII,734268,s12-734270,C,T
665,XII,758853,s12-758855,C,T
666,XII,783843,s12-783843,T,G
667,XII,796782,s12-796782,C,T
668,XII,811829,s12-811829,C,T
669,XII,812024,s12-812024,C,G
670,XII,813974,s12-813974,T,C
671,XII,814128,s12-814128,C,T
672,XII,815093,s12-815093,T,C
673,XII,816162,s12-816162,T,C
674,XII,818092,s12-818092,A,G
675,XII,828697,s12-828696,C,A
676,XII,833013,s12-833012,C,A
677,XII,865600,s12-865599,G,A
678,XII,870645,s12-870644,T,A
679,XII,880916,s12-880916,A,T
680,XII,949331,s12-949328,A,G
681,XII,971679,s12-971676,A,G
682,XII,981702,s12-981699,G,T
683,XII,1038798,s12-1038796,A,T
684,XII,1042498,s12-1042496,G,A
685,XII,1043636,s12-1043634,T,C
686,XII,1053395,s12-1053393,T,C
687,XII,1061733,s12-1061731,G,C
688,XII,1063843,s12-1063841,G,A
689,XII,1064405,s12-1064403,A,G
690,XII,1069501,s12-1069499,G,C
691,XII,1076410,s12-1076408,C,G
692,XIII,7346,s13-7346,A,G
693,XIII,21082,s13-21083,C,T
694,XIII,44726,s13-44726,C,G
695,XIII,56362,s13-56362,G,A
696,XIII,68960,s13-68960,G,A
697,XIII,72525,s13-72525,G,A
698,XIII,74083,s13-74083,T,C
699,XIII,74193,s13-74193,C,T
700,XIII,79953,s13-79953,G,C
701,XIII,121058,s13-121058,G,A
702,XIII,124410,s13-124410,C,T
703,XIII,130187,s13-130187,G,C
704,XIII,142236,s13-142236,G,A
705,XIII,155574,s13-155574,C,T
706,XIII,195558,s13-195558,C,A
707,XIII,245554,s13-245554,T,C
708,XIII,247856,s13-247856,T,A
709,XIII,255248,s13-255248,C,T
710,XIII,271064,s13-271064,T,C
711,XIII,289390,s13-289389,A,G
712,XIII,301985,s13-301984,G,A
713,XIII,308753,s13-308752,A,G
714,XIII,330598,s13-330597,C,T
715,XIII,344932,s13-344931,T,A
716,XIII,353026,s13-353025,G,C
717,XIII,365100,s13-365099,T,C
718,XIII,379976,s13-379975,T,A
719,XIII,391711,s13-391710,T,A
720,XIII,423463,s13-423462,C,T
721,XIII,436317,s13-436316,A,T
722,XIII,436482,s13-436481,A,G
723,XIII,444908,s13-444907,C,T
724,XIII,482638,s13-482637,G,A
725,XIII,493675,s13-493674,T,A
726,XIII,520305,s13-520304,T,C
727,XIII,528576,s13-528575,C,T
728,XIII,532703,s13-532702,A,G
729,XIII,542066,s13-542065,A,G
730,XIII,552466,s13-552465,T,G
731,XIII,554611,s13-554610,A,G
732,XIII,583556,s13-583555,A,G
733,XIII,585266,s13-585265,T,C
734,XIII,603074,s13-603073,G,T
735,XIII,625245,s13-625244,A,G
736,XIII,637515,s13-637514,G,A
737,XIII,670543,s13-670542,A,G
738,XIII,702047,s13-702046,G,A
739,XIII,704653,s13-704652,G,A
740,XIII,711347,s13-711346,A,G
741,XIII,728841,s13-728840,G,A
742,XIII,734884,s13-734883,C,A
743,XIII,736307,s13-736306,A,G
744,XIII,749667,s13-749666,T,C
745,XIII,764850,s13-764849,C,T
746,XIII,765790,s13-765789,G,A
747,XIII,768443,s13-768442,T,A
748,XIII,788915,s13-788914,A,G
749,XIII,812178,s13-812177,C,A
750,XIII,834087,s13-834086,G,A
751,XIII,843319,s13-843318,C,G
752,XIII,858847,s13-858846,T,C
753,XIII,879414,s13-879413,A,G
754,XIII,887476,s13-887475,C,T
755,XIII,897468,s13-897467,T,C
756,XIII,909716,s13-909714,A,C
757,XIV,842,s14-842,G,A
758,XIV,1738,s14-1738,T,C
759,XIV,5158,s14-5158,A,G
760,XIV,7114,s14-7114,A,G
761,XIV,8611,s14-8611,T,C
762,XIV,9268,s14-9268,A,G
763,XIV,10360,s14-10360,C,G
764,XIV,19517,s14-19517,C,T
765,XIV,19955,s14-19955,G,A
766,XIV,23450,s14-23450,A,G
767,XIV,43141,s14-43140,G,A
768,XIV,65630,s14-65630,A,C
769,XIV,70533,s14-70533,C,T
770,XIV,74187,s14-74187,T,C
771,XIV,87993,s14-87993,C,T
772,XIV,89883,s14-89883,C,A
773,XIV,96658,s14-96658,A,T
774,XIV,116234,s14-116234,C,G
775,XIV,142446,s14-142447,C,T
776,XIV,143011,s14-143012,T,C
777,XIV,159120,s14-159121,C,G
778,XIV,159352,s14-159353,T,C
779,XIV,175091,s14-175092,C,T
780,XIV,184938,s14-184939,A,G
781,XIV,187156,s14-187157,C,T
782,XIV,269320,s14-269321,T,G
783,XIV,288198,s14-288200,A,T
784,XIV,301067,s14-301069,T,A
785,XIV,301773,s14-301775,T,C
786,XIV,310139,s14-310141,C,G
787,XIV,314420,s14-314422,G,C
788,XIV,326625,s14-326627,C,G
789,XIV,331007,s14-331009,A,G
790,XIV,333260,s14-333262,C,T
791,XIV,333469,s14-333471,G,A
792,XIV,335153,s14-335155,A,T
793,XIV,356489,s14-356491,T,C
794,XIV,372745,s14-372747,T,C
795,XIV,391121,s14-391123,A,G
796,XIV,414772,s14-414774,G,A
797,XIV,416450,s14-416452,C,G
798,XIV,433271,s14-433273,G,A
799,XIV,439727,s14-439729,T,G
800,XIV,442660,s14-442662,G,A
801,XIV,473389,s14-473390,G,C
802,XIV,475712,s14-475713,T,G
803,XIV,477610,s14-477611,A,G
804,XIV,482230,s14-482231,C,T
805,XIV,496825,s14-496826,T,C
806,XIV,538084,s14-538085,A,T
807,XIV,572753,s14-572754,C,A
808,XIV,586871,s14-586872,C,T
809,XIV,606094,s14-606095,T,C
810,XIV,636770,s14-636772,T,C
811,XIV,639053,s14-639055,G,A
812,XIV,661981,s14-661983,C,T
813,XIV,662771,s14-662773,A,T
814,XIV,665017,s14-665019,C,G
815,XIV,676176,s14-676178,A,G
816,XIV,710106,s14-710108,T,G
817,XIV,714486,s14-714488,T,A
818,XIV,715430,s14-715432,T,C
819,XIV,721117,s14-721119,C,T
820,XIV,721750,s14-721752,C,T
821,XIV,743251,s14-743251,C,T
822,XIV,760229,s14-760229,C,T
823,XIV,770095,s14-770095,C,A
824,XIV,771541,s14-771541,A,G
825,XIV,772275,s14-772275,T,C
826,XIV,772707,s14-772707,T,C
827,XIV,775127,s14-775127,G,A
828,XIV,775344,s14-775344,T,C
829,XIV,776214,s14-776214,A,G
830,XIV,776519,s14-776519,A,G
831,XIV,780696,s14-780696,G,A
832,XIV,781361,s14-781361,A,T
833,XIV,781572,s14-781572,T,A
834,XIV,783507,s14-783507,T,A
835,XV,11955,s15-11954,A,G
836,XV,17278,s15-17277,C,G
837,XV,17960,s15-17959,A,C
838,XV,23861,s15-23860,G,T
839,XV,30575,s15-30574,G,A
840,XV,31440,s15-31439,A,G
841,XV,31714,s15-31713,C,A
842,XV,31768,s15-31767,G,A
843,XV,31863,s15-31862,G,T
844,XV,39382,s15-39381,G,A
845,XV,44093,s15-44092,A,C
846,XV,59737,s15-59737,G,A
847,XV,68984,s15-68984,T,C
848,XV,75243,s15-75243,T,C
849,XV,77307,s15-77307,C,G
850,XV,77399,s15-77399,A,G
851,XV,125209,s15-125209,A,T
852,XV,139001,s15-139001,T,C
853,XV,139908,s15-139908,A,G
854,XV,165998,s15-165998,A,G
855,XV,170126,s15-170126,C,T
856,XV,173069,s15-173069,C,G
857,XV,179010,s15-179010,T,G
858,XV,207408,s15-207408,C,T
859,XV,215808,s15-215808,C,T
860,XV,243332,s15-243331,C,A
861,XV,247071,s15-247070,G,A
862,XV,269781,s15-269782,T,C
863,XV,274608,s15-274609,C,T
864,XV,292976,s15-292977,G,T
865,XV,293098,s15-293099,G,A
866,XV,307601,s15-307602,C,T
867,XV,364887,s15-364887,G,T
868,XV,383055,s15-383055,C,T
869,XV,385999,s15-385999,A,G
870,XV,386134,s15-386134,T,C
871,XV,391225,s15-391225,C,T
872,XV,412551,s15-412551,C,G
873,XV,442592,s15-442594,A,T
874,XV,455183,s15-455185,T,C
875,XV,462952,s15-462954,T,A
876,XV,465410,s15-465412,C,G
877,XV,501561,s15-501562,C,T
878,XV,514715,s15-514716,T,C
879,XV,518019,s15-518020,T,C
880,XV,522303,s15-522304,A,G
881,XV,549962,s15-549963,T,C
882,XV,570759,s15-570760,T,C
883,XV,578255,s15-578256,A,G
884,XV,586076,s15-586077,A,T
885,XV,629132,s15-629133,G,A
886,XV,641550,s15-641551,C,T
887,XV,654374,s15-654375,T,C
888,XV,664118,s15-664119,G,T
889,XV,671896,s15-671897,T,C
890,XV,696072,s15-696073,A,G
891,XV,697430,s15-697431,A,G
892,XV,705970,s15-705971,A,T
893,XV,718999,s15-719000,T,G
894,XV,779669,s15-779670,T,C
895,XV,810088,s15-810088,T,G
896,XV,821660,s15-821659,T,C
897,XV,848096,s15-848095,A,G
898,XV,849439,s15-849438,T,C
899,XV,861209,s15-861208,G,A
900,XV,879343,s15-879341,T,A
901,XV,879943,s15-879941,C,T
902,XV,904881,s15-904878,C,T
903,XV,926925,s15-926922,G,A
904,XV,968942,s15-968939,C,T
905,XV,1005745,s15-1005743,C,T
906,XV,1010147,s15-1010145,T,C
907,XV,1031346,s15-1031344,G,C
908,XV,1032583,s15-1032581,C,T
909,XV,1056207,s15-1056205,C,G
910,XV,1058016,s15-1058014,A,T
911,XV,1058190,s15-1058188,T,C
912,XV,1058395,s15-1058393,T,A
913,XV,1061671,s15-1061669,T,C
914,XV,1065954,s15-1065952,G,A
915,XV,1066025,s15-1066023,G,A
916,XV,1068760,s15-1068758,T,C
917,XV,1078428,s15-1078426,A,G
918,XV,1079816,s15-1079814,G,T
919,XV,1082765,s15-1082763,C,T
920,XV,1089350,s15-1089348,T,C
921,XVI,729,s16-729,C,G
922,XVI,15981,s16-15981,T,C
923,XVI,16794,s16-16794,C,T
924,XVI,20927,s16-20927,C,T
925,XVI,42883,s16-42883,C,A
926,XVI,46548,s16-46548,T,C
927,XVI,48265,s16-48265,T,C
928,XVI,48928,s16-48928,T,A
929,XVI,51000,s16-51000,G,A
930,XVI,53945,s16-53945,C,T
931,XVI,95802,s16-95802,G,A
932,XVI,97916,s16-97916,T,C
933,XVI,119924,s16-119924,G,A
934,XVI,123338,s16-123338,G,A
935,XVI,158855,s16-158854,G,A
936,XVI,160594,s16-160593,A,G
937,XVI,162605,s16-162604,A,C
938,XVI,166146,s16-166145,C,A
939,XVI,172156,s16-172155,G,A
940,XVI,173981,s16-173980,T,C
941,XVI,194308,s16-194307,A,G
942,XVI,197495,s16-197494,A,G
943,XVI,209553,s16-209552,A,G
944,XVI,210131,s16-210130,C,T
945,XVI,212934,s16-212933,T,G
946,XVI,247112,s16-247111,A,C
947,XVI,252434,s16-252433,A,G
948,XVI,262600,s16-262599,T,A
949,XVI,290458,s16-290457,G,A
950,XVI,295944,s16-295943,A,G
951,XVI,298188,s16-298187,C,T
952,XVI,306794,s16-306793,G,A
953,XVI,323707,s16-323706,C,A
954,XVI,334047,s16-334046,T,C
955,XVI,338466,s16-338465,T,C
956,XVI,373422,s16-373419,T,A
957,XVI,379453,s16-379450,A,G
958,XVI,392411,s16-392408,C,T
959,XVI,416905,s16-416902,G,A
960,XVI,420178,s16-420175,T,C
961,XVI,430755,s16-430752,G,A
962,XVI,469874,s16-469871,A,G
963,XVI,506087,s16-506085,A,T
964,XVI,509658,s16-509656,G,A
965,XVI,510355,s16-510353,A,G
966,XVI,513766,s16-513764,C,A
967,XVI,531408,s16-531405,C,T
968,XVI,551232,s16-551229,C,T
969,XVI,555669,s16-555666,T,C
970,XVI,555672,s16-555669,T,C
971,XVI,558145,s16-558142,C,T
972,XVI,560975,s16-560972,T,G
973,XVI,569108,s16-569105,G,C
974,XVI,575959,s16-575956,G,T
975,XVI,577229,s16-577226,T,C
976,XVI,652979,s16-652976,A,G
977,XVI,671245,s16-671242,T,C
978,XVI,680637,s16-680634,T,C
979,XVI,705266,s16-705264,C,T
980,XVI,712351,s16-712349,G,A
981,XVI,719732,s16-719730,C,A
982,XVI,733547,s16-733545,T,C
983,XVI,767565,s16-767563,A,C
984,XVI,787549,s16-787545,C,A
985,XVI,798282,s16-798278,C,A
986,XVI,811854,s16-811850,G,A
987,XVI,815902,s16-815898,C,T
988,XVI,819161,s16-819157,C,T
989,XVI,819306,s16-819302,G,T
990,XVI,839115,s16-839111,A,G
991,XVI,877183,s16-877179,T,G
992,XVI,881446,s16-881442,A,C
993,XVI,885571,s16-885567,C,T
994,XVI,892122,s16-892118,T,C
995,XVI,892743,s16-892739,A,G
996,XVI,905004,s16-905000,G,A
997,XVI,912647,s16-912643,C,A
998,XVI,930672,s16-930668,C,T
999,XVI,935183,s16-935179,G,A
